feature,count,mean,std,min,25%,50%,75%,max
ph,2785.0,7.0808,1.5943,0.0,6.0931,7.0368,8.0621,14.0
Hardness,3276.0,196.3695,32.8798,47.432,176.8505,196.9676,216.6675,323.124
Solids,3276.0,22014.0925,8768.5708,320.9426,15666.6903,20927.8336,27332.7621,61227.196
Chloramines,3276.0,7.1223,1.5831,0.352,6.1274,7.1303,8.1149,13.127
Sulfate,2495.0,333.7758,41.4168,129.0,307.6995,333.0735,359.9502,481.0306
Conductivity,3276.0,426.2051,80.8241,181.4838,365.7344,421.885,481.7923,753.3426
Organic_carbon,3276.0,14.285,3.3082,2.2,12.0658,14.2183,16.5577,28.3
Trihalomethanes,3114.0,66.3963,16.175,0.738,55.8445,66.6225,77.3375,124.0
Turbidity,3276.0,3.9668,0.7804,1.45,3.4397,3.955,4.5003,6.739
