feature,median_missed_unsafe,median_caught_unsafe,median_gap
ph,6.98944217704844,7.0242954461642135,-0.034853269115773244
Hardness,197.374481802656,196.0346230520393,1.3398587506166848
Solids,21318.96168510506,19909.541732292397,1409.4199528126628
Chloramines,7.881197241955268,7.016078459188268,0.8651187827669995
Sulfate,329.4044567185402,331.21486749826903,-1.8104107797288407
Conductivity,389.63822785521234,427.5452192006416,-37.906991345429276
Organic_carbon,13.425164731026086,14.033552834801071,-0.6083881037749848
Trihalomethanes,68.97647486931034,67.10637795800596,1.8700969113043726
Turbidity,3.8530475500412127,3.993409763685828,-0.14036221364461543
