feature,importance_mean,importance_std
ph,0.11386962890625,0.014519652589091355
Sulfate,0.10189648437500005,0.018211563341800643
Hardness,0.06325146484375001,0.006718201708045638
Solids,0.04044433593750002,0.009751896844873756
Chloramines,0.03816943359375001,0.010002315002938822
Trihalomethanes,0.004431640624999999,0.003961534564220748
Turbidity,0.0025844726562500196,0.0036060359091322227
Organic_carbon,0.002257324218750012,0.004015922891573771
Conductivity,-0.001582519531249993,0.005832355078913289
