threshold,recall_unsafe,precision_unsafe,f1_unsafe,flag_rate
0.0775579128074033,1.0,0.6099236641221374,0.7577050734945472,1.0
0.08186216615109991,1.0,0.6101565483008782,0.7578847521935025,0.999618320610687
0.0861664194947965,1.0,0.6101565483008782,0.7578847521935025,0.999618320610687
0.09047067283849311,1.0,0.6101565483008782,0.7578847521935025,0.999618320610687
0.0947749261821897,1.0,0.6103896103896104,0.7580645161290323,0.999236641221374
0.09907917952588631,1.0,0.6103896103896104,0.7580645161290323,0.999236641221374
0.1033834328695829,1.0,0.6106228505922813,0.7582443653618031,0.998854961832061
0.10768768621327951,1.0,0.6106228505922813,0.7582443653618031,0.998854961832061
0.11199193955697612,1.0,0.6110898661567877,0.7586043199620223,0.9980916030534351
0.11629619290067271,1.0,0.6115575966322235,0.758964616480646,0.9973282442748092
0.1206004462443693,1.0,0.6115575966322235,0.758964616480646,0.9973282442748092
0.12490469958806591,1.0,0.611791730474732,0.7591448931116389,0.9969465648854962
0.12920895293176252,1.0,0.6122605363984674,0.7595057034220533,0.9961832061068703
0.13351320627545912,1.0,0.6127300613496932,0.7598668568711364,0.9954198473282443
0.1378174596191557,0.9993742177722152,0.6128165771297007,0.7597526165556613,0.9946564885496183
0.1421217129628523,0.9993742177722152,0.6130518234165068,0.7599333809183916,0.9942748091603053
0.14642596630654892,0.9993742177722152,0.6132872503840245,0.7601142313184198,0.9938931297709923
0.15073021965024552,0.9993742177722152,0.6132872503840245,0.7601142313184198,0.9938931297709923
0.15503447299394213,0.9993742177722152,0.6139946174548251,0.7606572993569898,0.9927480916030534
0.15933872633763874,0.9993742177722152,0.6144671027318199,0.761019776030498,0.9919847328244275
0.16364297968133532,0.9987484355444305,0.6147919876733436,0.7610872675250357,0.9908396946564886
0.16794723302503192,0.9987484355444305,0.6147919876733436,0.7610872675250357,0.9908396946564886
0.1722514863687285,0.9987484355444305,0.6147919876733436,0.7610872675250357,0.9908396946564886
0.1765557397124251,0.9987484355444305,0.6150289017341041,0.7612687813021702,0.9904580152671756
0.18085999305612172,0.9987484355444305,0.6155032780563054,0.7616320687186829,0.9896946564885496
0.18516424639981832,0.9981226533166458,0.6158301158301158,0.7617000955109837,0.9885496183206107
0.18946849974351493,0.9968710888610763,0.6160092807424594,0.761472275334608,0.9870229007633587
0.19377275308721154,0.9962453066332916,0.6160990712074303,0.7613582018173123,0.9862595419847329
0.19807700643090814,0.9962453066332916,0.616337591947348,0.7615403013633102,0.9858778625954199
0.20238125977460472,0.9962453066332916,0.616576297443842,0.7617224880382775,0.9854961832061069
0.2066855131183013,0.9962453066332916,0.616576297443842,0.7617224880382775,0.9854961832061069
0.2109897664619979,0.9962453066332916,0.6175329712955779,0.7624521072796935,0.983969465648855
0.21529401980569451,0.9956195244055068,0.6178640776699029,0.7625209681284447,0.982824427480916
0.21959827314939112,0.9956195244055068,0.6181041181041181,0.7627037392138063,0.982442748091603
0.22390252649308773,0.9949937421777222,0.6184364060676779,0.7627728472055649,0.9812977099236642
0.22820677983678433,0.9949937421777222,0.6186770428015564,0.7629558541266794,0.9809160305343512
0.23251103318048094,0.9949937421777222,0.6198830409356725,0.7638722075426375,0.9790076335877863
0.23681528652417755,0.9943679599499374,0.6204607575165951,0.7641259918249579,0.9774809160305343
0.24111953986787416,0.9937421777221527,0.6210402815799765,0.7643802647412755,0.9759541984732825
0.2454237932115707,0.9931163954943679,0.6216216216216216,0.7646350277041677,0.9744274809160305
0.2497280465552673,0.9931163954943679,0.6218652037617555,0.7648192771084338,0.9740458015267176
0.2540322998989639,0.9924906132665833,0.6217169737357899,0.7645215714630031,0.9736641221374046
0.2583365532426605,0.9912390488110138,0.624113475177305,0.7659574468085106,0.9687022900763359
0.26264080658635713,0.9899874843554443,0.6245558626135018,0.765916243040426,0.966793893129771
0.26694505993005374,0.9899874843554443,0.6250493875938364,0.7662872366190361,0.966030534351145
0.27124931327375035,0.9893617021276596,0.6266349583828775,0.7672894928415434,0.9629770992366412
0.27555356661744695,0.9887359198998749,0.6277314263011522,0.7679222357229648,0.9606870229007634
0.27985781996114356,0.9874843554443054,0.6284348864994026,0.7680700900462399,0.9583969465648855
0.28416207330484017,0.986232790988736,0.6296444266879744,0.7685930260911973,0.9553435114503817
0.2884663266485367,0.9856070087609512,0.6310096153846154,0.769418661455789,0.9526717557251908
0.2927705799922333,0.9849812265331664,0.6331456154465004,0.7708129285014691,0.9488549618320611
0.29707483333592993,0.9849812265331664,0.6344216041918581,0.771757783770532,0.9469465648854962
0.30137908667962654,0.9843554443053817,0.6352988691437803,0.7722140402552774,0.9450381679389313
0.30568334002332315,0.9824780976220275,0.6361426256077796,0.7722577471716675,0.9419847328244275
0.30998759336701975,0.9818523153942428,0.6365111561866126,0.7723357125276888,0.9408396946564885
0.31429184671071636,0.981226533166458,0.6379170056956875,0.7731755424063116,0.9381679389312977
0.31859610005441297,0.9799749687108886,0.6397058823529411,0.7740978744438952,0.934351145038168
0.3229003533981096,0.9780976220275344,0.6403113478082753,0.7739539489972765,0.9316793893129771
0.3272046067418061,0.9774718397997497,0.6412151067323482,0.7744174516608825,0.9297709923664123
0.3315088600855028,0.9755944931163955,0.6418279127212845,0.7742736528433076,0.9270992366412214
0.33581311342919934,0.9749687108886108,0.6430045398266612,0.7749316090524745,0.9248091603053435
0.34011736677289595,0.9718397997496871,0.6443983402489627,0.7749500998003992,0.9198473282442748
0.34442162011659255,0.9699624530663329,0.6458333333333334,0.7753876938469234,0.916030534351145
0.34872587346028916,0.9680851063829787,0.6472803347280335,0.775827482447342,0.9122137404580153
0.35303012680398577,0.9662077596996246,0.6481947942905122,0.7758793969849246,0.9091603053435114
0.3573343801476824,0.9662077596996246,0.6495582667227597,0.7768553459119497,0.9072519083969466
0.361638633491379,0.9649561952440551,0.6506329113924051,0.7772177419354839,0.9045801526717557
0.3659428868350756,0.9630788485607009,0.6512907321201862,0.7770764958343852,0.9019083969465649
0.3702471401787722,0.9612015018773467,0.6530612244897959,0.7777215189873418,0.8977099236641222
0.37455139352246875,0.9599499374217773,0.6549957301451751,0.7786802030456853,0.8938931297709923
0.37885564686616535,0.9586983729662077,0.6577930442249893,0.7802393684746626,0.8889312977099236
0.38315990020986196,0.9555694618272841,0.6593264248704663,0.7802759325498212,0.8839694656488549
0.38746415355355857,0.9536921151439299,0.6597402597402597,0.7799385875127943,0.8816793893129771
0.3917684068972552,0.9499374217772215,0.6602870813397129,0.7790608160123171,0.8774809160305344
0.3960726602409518,0.9443053817271589,0.6609724047306176,0.7776346302499356,0.8713740458015267
0.4003769135846484,0.9392991239048811,0.6609423161602818,0.7759110881364694,0.866793893129771
0.404681166928345,0.9355444305381727,0.6623836951705804,0.7756160830090791,0.8614503816793894
0.4089854202720416,0.9317897371714643,0.6653261840929401,0.7763295099061522,0.8541984732824427
0.41328967361573815,0.9274092615769712,0.6666666666666666,0.7757131640931694,0.8484732824427481
0.41759392695943476,0.9261576971214017,0.6681715575620768,0.7762916338840807,0.8454198473282443
0.42189818030313136,0.9211514392991239,0.6696997270245678,0.7755532139093783,0.8389312977099237
0.42620243364682797,0.9173967459324155,0.6709382151029748,0.7750462595823421,0.833969465648855
0.4305066869905246,0.909261576971214,0.6720629047178538,0.7728723404255319,0.8251908396946565
0.4348109403342212,0.9030037546933667,0.6714751046998604,0.7702161729383507,0.8202290076335877
0.4391151936779178,0.8979974968710889,0.6752941176470588,0.7708836959441311,0.8110687022900763
0.4434194470216144,0.8836045056320401,0.6752749880439981,0.7655191108701546,0.7980916030534351
0.447723700365311,0.8748435544430538,0.676997578692494,0.7633087633087633,0.7881679389312977
0.45202795370900756,0.867334167709637,0.6804123711340206,0.762585969738652,0.7774809160305344
0.45633220705270416,0.8635794743429287,0.6824925816023739,0.7624309392265194,0.7717557251908397
0.46063646039640077,0.8516896120150188,0.6832329317269076,0.7582172701949861,0.7603053435114504
0.4649407137400974,0.8429286608260326,0.6844512195121951,0.7554683118339877,0.751145038167939
0.469244967083794,0.8379224030037546,0.6859631147540983,0.7543661971830986,0.7450381679389313
0.4735492204274906,0.827909887359199,0.6876299376299376,0.7512776831345827,0.7343511450381679
0.4778534737711872,0.818523153942428,0.689873417721519,0.748712077847739,0.7236641221374046
0.4821577271148838,0.8103879849812266,0.693254817987152,0.7472590882862089,0.7129770992366412
0.4864619804585804,0.8028785982478097,0.6957700650759219,0.7454968041836142,0.7038167938931298
0.490766233802277,0.7928660826032541,0.6996134732192159,0.7433264887063655,0.6912213740458015
0.49507048714597357,0.7866082603254068,0.7022346368715083,0.7420306965761512,0.683206106870229
0.4993747404896702,0.77909887359199,0.7053824362606232,0.7404103479036575,0.6736641221374046
0.5036789938333668,0.7615769712140176,0.7059164733178654,0.732691149909693,0.6580152671755726
0.5079832471770633,0.7490613266583229,0.7078651685393258,0.7278808148373366,0.6454198473282443
0.51228750052076,0.7327909887359199,0.7101273499090358,0.7212811826301201,0.6293893129770992
0.5165917538644565,0.7215269086357947,0.7130488559059988,0.717262830482115,0.617175572519084
0.5208960072081532,0.7040050062578223,0.7151938970120788,0.7095553453169348,0.600381679389313
0.5252002605518498,0.685857321652065,0.7177472167648985,0.70144,0.582824427480916
0.5295045138955464,0.6708385481852316,0.7204301075268817,0.694750486066105,0.5679389312977099
0.533808767239243,0.6551939924906133,0.7245674740484429,0.6881367071968452,0.5515267175572519
0.5381130205829395,0.6370463078848561,0.7266238401142041,0.6788929643214405,0.5347328244274809
0.5424172739266362,0.6163954943679599,0.7301704966641956,0.6684764166949441,0.5148854961832061
0.5467215272703327,0.6013767209011264,0.7330282227307399,0.6607081471295978,0.500381679389313
0.5510257806140294,0.5794743429286608,0.7355043685464655,0.648232411620581,0.4805343511450382
0.555330033957726,0.5563204005006258,0.7377593360995851,0.6343203710310382,0.4599236641221374
0.5596342873014226,0.5394242803504381,0.7405498281786942,0.6241853729181752,0.4442748091603053
0.5639385406451192,0.5269086357947435,0.7438162544169611,0.6168498168498169,0.43206106870229005
0.5682427939888158,0.509386733416771,0.7454212454212454,0.6052044609665428,0.416793893129771
0.5725470473325124,0.493116395494368,0.7526265520534862,0.5958412098298677,0.39961832061068703
0.5768513006762089,0.47684605757196497,0.7567030784508441,0.5850287907869481,0.3843511450381679
0.5811555540199056,0.46057571964956195,0.759545923632611,0.5734320218153487,0.3698473282442748
0.5854598073636023,0.44430538172715894,0.7683982683982684,0.56304520222046,0.3526717557251908
0.5897640607072988,0.4211514392991239,0.7691428571428571,0.5442782046097857,0.33396946564885494
0.5940683140509954,0.40550688360450565,0.7769784172661871,0.5328947368421053,0.3183206106870229
0.598372567394692,0.39173967459324155,0.7795765877957659,0.5214493960849645,0.3064885496183206
0.6026768207383886,0.3785982478097622,0.7877604166666666,0.5114116652578191,0.2931297709923664
0.6069810740820852,0.360450563204005,0.7922971114167813,0.49548387096774194,0.2774809160305344
0.6112853274257818,0.3479349186483104,0.7954220314735336,0.48410970831519373,0.266793893129771
0.6155895807694785,0.3335419274092616,0.7979041916167665,0.470432480141218,0.2549618320610687
0.619893834113175,0.3191489361702128,0.804416403785489,0.45698924731182794,0.24198473282442748
0.6241980874568717,0.304755944931164,0.8076285240464345,0.4425261244888687,0.23015267175572518
0.6285023408005682,0.2897371714643304,0.8137082601054482,0.4273188740193816,0.21717557251908398
0.6328065941442648,0.27909887359199,0.8168498168498168,0.416044776119403,0.2083969465648855
0.6371108474879614,0.26971214017521905,0.8178368121442126,0.4056470588235294,0.20114503816793894
0.641415100831658,0.2546933667083855,0.8255578093306288,0.38928742228598756,0.1881679389312977
0.6457193541753546,0.2390488110137672,0.8304347826086956,0.37123420796890183,0.17557251908396945
0.6500236075190512,0.2309136420525657,0.831081081081081,0.3614103819784525,0.16946564885496182
0.6543278608627479,0.22215269086357947,0.8432304038004751,0.3516592372461615,0.16068702290076337
0.6586321142064444,0.21214017521902379,0.8475,0.33933933933933935,0.15267175572519084
0.6629363675501411,0.20150187734668334,0.8429319371727748,0.32525252525252524,0.14580152671755725
0.6672406208938376,0.19211514392991239,0.8457300275482094,0.31310555838857723,0.1385496183206107
0.6715448742375342,0.18085106382978725,0.85,0.2982456140350877,0.1297709923664122
0.6758491275812308,0.17521902377972465,0.8562691131498471,0.2909090909090909,0.12480916030534352
0.6801533809249274,0.17083854818523153,0.8666666666666667,0.2854155776267642,0.12022900763358779
0.684457634268624,0.1620775969962453,0.8691275167785235,0.2732067510548523,0.11374045801526718
0.6887618876123206,0.155819774718398,0.8706293706293706,0.2643312101910828,0.10916030534351145
0.6930661409560173,0.14831038798498122,0.8681318681318682,0.25334045964724744,0.10419847328244275
0.6973703942997138,0.14205256570713393,0.8697318007662835,0.24421732114039807,0.09961832061068703
0.7016746476434105,0.1357947434292866,0.8714859437751004,0.2349756361667569,0.0950381679389313
0.705978900987107,0.13141426783479349,0.8786610878661087,0.2286336418072945,0.09122137404580152
0.7102831543308036,0.12578222778473092,0.8777292576419214,0.2200328407224959,0.08740458015267176
0.7145874076745002,0.12077596996245307,0.8853211009174312,0.21255506607929514,0.083206106870229
0.7188916610181968,0.11451814768460576,0.8840579710144928,0.2027700831024931,0.07900763358778626
0.7231959143618935,0.10387984981226533,0.8783068783068783,0.18578623391158366,0.07213740458015268
0.72750016770559,0.09887359198998748,0.8777777777777778,0.17772778402699663,0.06870229007633588
0.7318044210492867,0.09574468085106383,0.8895348837209303,0.17288135593220338,0.06564885496183206
0.7361086743929832,0.09198998748435544,0.8909090909090909,0.16676120249574589,0.06297709923664122
0.7404129277366799,0.08886107634543179,0.8930817610062893,0.1616391576550939,0.06068702290076336
0.7447171810803764,0.08135168961201501,0.896551724137931,0.1491681009753299,0.05534351145038168
0.749021434424073,0.07759699624530664,0.8920863309352518,0.14277489925158318,0.05305343511450382
0.7533256877677696,0.07384230287859825,0.8939393939393939,0.13641618497109825,0.050381679389312976
0.7576299411114662,0.07008760951188986,0.8888888888888888,0.12993039443155452,0.048091603053435114
0.7619341944551629,0.06570713391739674,0.8974358974358975,0.12244897959183673,0.04465648854961832
0.7662384477988594,0.058823529411764705,0.8952380952380953,0.1103934233705226,0.04007633587786259
0.7705427011425561,0.05319148936170213,0.9042553191489362,0.10047281323877069,0.03587786259541985
0.7748469544862526,0.05006257822277847,0.9302325581395349,0.09501187648456057,0.03282442748091603
0.7791512078299493,0.04693366708385482,0.9259259259259259,0.08933889219773675,0.030916030534351144
0.7834554611736458,0.04630788485607009,0.9367088607594937,0.08825283243887895,0.03015267175572519
0.7877597145173424,0.044430538172715896,0.9342105263157895,0.08482676224611709,0.02900763358778626
0.792063967861039,0.044430538172715896,0.9342105263157895,0.08482676224611709,0.02900763358778626
0.7963682212047356,0.04005006257822278,0.927536231884058,0.07678464307138572,0.02633587786259542
0.8006724745484323,0.038172715894868585,0.9384615384615385,0.07336139506915214,0.02480916030534351
0.8049767278921288,0.03754693366708386,0.9375,0.07220216606498195,0.024427480916030534
0.8092809812358255,0.03504380475594493,0.9333333333333333,0.06755126658624849,0.022900763358778626
0.813585234579522,0.031914893617021274,0.9444444444444444,0.06174334140435835,0.020610687022900764
0.8178894879232187,0.028785982478097622,0.9387755102040817,0.05585913782635094,0.01870229007633588
0.8221937412669152,0.02690863579474343,0.9347826086956522,0.052311435523114354,0.017557251908396947
0.8264979946106118,0.025657071339173967,0.9318181818181818,0.049939098660170524,0.016793893129770993
0.8308022479543085,0.02127659574468085,0.9714285714285714,0.041641151255358236,0.013358778625954198
0.835106501298005,0.01939924906132666,0.96875,0.03803680981595092,0.012213740458015267
0.8394107546417017,0.016270337922403004,1.0,0.03201970443349754,0.009923664122137405
0.8437150079853982,0.014392991239048811,1.0,0.0283775447254781,0.008778625954198474
0.8480192613290949,0.014392991239048811,1.0,0.0283775447254781,0.008778625954198474
0.8523235146727914,0.013141426783479349,1.0,0.025941939468807906,0.00801526717557252
0.8566277680164881,0.011264080100125156,1.0,0.022277227722772276,0.006870229007633588
0.8609320213601847,0.008760951188986232,1.0,0.017369727047146403,0.0053435114503816794
0.8652362747038812,0.007509386733416771,1.0,0.014906832298136646,0.004580152671755725
0.8695405280475779,0.006257822277847309,1.0,0.012437810945273632,0.003816793893129771
0.8738447813912744,0.005632040050062578,1.0,0.01120099564405725,0.003435114503816794
0.8781490347349711,0.005632040050062578,1.0,0.01120099564405725,0.003435114503816794
0.8824532880786676,0.0037546933667083854,1.0,0.007481296758104738,0.0022900763358778627
0.8867575414223643,0.0031289111389236545,1.0,0.006238303181534623,0.0019083969465648854
0.8910617947660608,0.0031289111389236545,1.0,0.006238303181534623,0.0019083969465648854
0.8953660481097575,0.0031289111389236545,1.0,0.006238303181534623,0.0019083969465648854
0.8996703014534541,0.0018773466833541927,1.0,0.0037476577139287947,0.0011450381679389313
0.9039745547971507,0.0012515644555694619,1.0,0.0025,0.0007633587786259542
0.9082788081408473,0.0012515644555694619,1.0,0.0025,0.0007633587786259542
0.9125830614845438,0.0012515644555694619,1.0,0.0025,0.0007633587786259542
0.9168873148282405,0.0012515644555694619,1.0,0.0025,0.0007633587786259542
0.921191568171937,0.0012515644555694619,1.0,0.0025,0.0007633587786259542
0.9254958215156337,0.0006257822277847309,1.0,0.0012507817385866166,0.0003816793893129771
0.9298000748593303,0.0006257822277847309,1.0,0.0012507817385866166,0.0003816793893129771
0.9341043282030269,0.0006257822277847309,1.0,0.0012507817385866166,0.0003816793893129771
